SNP_ID,chr,phenotypes,gene_ID(left),gene_comment(left),gene_name(left),gene_distance(left),SNP_pos,gene_distance(right),gene_name(right),gene_comment(right),gene_ID(right)
3:2237364,3,avrRpm,AT3G07040.1,NB-ARC domain-containing disease resistance protein,RPM1,8340,2237364,,,,
3:2237394,3,avrRpm,AT3G07040.1,NB-ARC domain-containing disease resistance protein,RPM1,8370,2237394,,,,
3:2237446,3,avrRpm,AT3G07040.1,NB-ARC domain-containing disease resistance protein,RPM1,8422,2237446,,,,
3:2237452,3,avrRpm,AT3G07040.1,NB-ARC domain-containing disease resistance protein,RPM1,8428,2237452,,,,
3:2289171,3,avrRpm,AT3G07040.1,NB-ARC domain-containing disease resistance protein,RPM1,60147,2289171,,,,
2:975138,2,avrRpm,AT2G03030.1,Toll-Interleukin-Resistance (TIR) domain family protein,,84618,975138,28330,,Toll-Interleukin-Resistance (TIR) domain family protein,AT2G03300.1
2:975234,2,avrRpm,AT2G03030.1,Toll-Interleukin-Resistance (TIR) domain family protein,,84714,975234,28234,,Toll-Interleukin-Resistance (TIR) domain family protein,AT2G03300.1
2:975320,2,avrRpm,AT2G03030.1,Toll-Interleukin-Resistance (TIR) domain family protein,,84800,975320,28148,,Toll-Interleukin-Resistance (TIR) domain family protein,AT2G03300.1
2:975405,2,avrRpm,AT2G03030.1,Toll-Interleukin-Resistance (TIR) domain family protein,,84885,975405,28063,,Toll-Interleukin-Resistance (TIR) domain family protein,AT2G03300.1
2:975411,2,avrRpm,AT2G03030.1,Toll-Interleukin-Resistance (TIR) domain family protein,,84891,975411,28057,,Toll-Interleukin-Resistance (TIR) domain family protein,AT2G03300.1
2:975490,2,avrRpm,AT2G03030.1,Toll-Interleukin-Resistance (TIR) domain family protein,,84970,975490,27978,,Toll-Interleukin-Resistance (TIR) domain family protein,AT2G03300.1
2:975590,2,avrRpm,AT2G03030.1,Toll-Interleukin-Resistance (TIR) domain family protein,,85070,975590,27878,,Toll-Interleukin-Resistance (TIR) domain family protein,AT2G03300.1
1:11273854,1,avrRpm,,,,,11273854,14598,RAC1,Disease resistance protein (TIR-NBS-LRR class) family,AT1G31540.2
1:11273813,1,avrRpm,,,,,11273813,14639,RAC1,Disease resistance protein (TIR-NBS-LRR class) family,AT1G31540.2
3:2165688,3,avrRpm,,,,,2165688,60264,RPM1,NB-ARC domain-containing disease resistance protein,AT3G07040.1
